{"cameraMode":{"drawMode":0,"name":"Shaded","section":"Shading Mode"},"sceneLighting":false,"audioPlay":false,"sceneViewState":{"showFog":true,"showMaterialUpdate":true,"showSkybox":false,"showFlares":true,"showImageEffects":true,"showParticleSystems":true},"in2DMode":false,"pivot":{"x":-8.850000381469727,"y":6.770000457763672,"z":-6.539999961853027},"rotation":{"x":0.5626609921455383,"y":0.14958609640598298,"z":-0.10531680285930634,"w":0.8064809441566467},"size":8.805520057678223,"orthographic":false}