{"cameraMode":{"drawMode":0,"name":"Shaded","section":"Shading Mode"},"sceneLighting":false,"audioPlay":false,"sceneViewState":{"showFog":true,"showMaterialUpdate":true,"showSkybox":false,"showFlares":true,"showImageEffects":true,"showParticleSystems":true},"in2DMode":false,"pivot":{"x":9.193470001220704,"y":4.785660743713379,"z":0.04383683204650879},"rotation":{"x":0.15714909136295319,"y":-0.027341121807694436,"z":0.0036139818839728834,"w":0.9874264597892761},"size":41.93874740600586,"orthographic":false}