{"cameraMode":{"drawMode":0,"name":"Shaded","section":"Shading Mode"},"sceneLighting":true,"audioPlay":false,"sceneViewState":{"showFog":true,"showMaterialUpdate":true,"showSkybox":true,"showFlares":true,"showImageEffects":true,"showParticleSystems":true},"in2DMode":false,"pivot":{"x":-197.01539611816407,"y":34.01545715332031,"z":160.28594970703126},"rotation":{"x":-0.005189229734241962,"y":0.889718234539032,"z":-0.4567788243293762,"w":-0.00985958706587553},"size":299.72991943359377,"orthographic":false}