{"cameraMode":{"drawMode":0,"name":"Shaded","section":"Shading Mode"},"sceneLighting":false,"audioPlay":false,"sceneViewState":{"showFog":true,"showMaterialUpdate":true,"showSkybox":false,"showFlares":true,"showImageEffects":true,"showParticleSystems":true},"in2DMode":false,"pivot":{"x":-1.1599998474121094,"y":6.769999980926514,"z":-1.9149999618530274},"rotation":{"x":-0.005189229734241962,"y":0.889718234539032,"z":-0.4567788243293762,"w":-0.00985958706587553},"size":25.305400848388673,"orthographic":false}