{"cameraMode":{"drawMode":0,"name":"Shaded","section":"Shading Mode"},"sceneLighting":true,"audioPlay":false,"sceneViewState":{"showFog":true,"showMaterialUpdate":true,"showSkybox":true,"showFlares":true,"showImageEffects":true,"showParticleSystems":true},"in2DMode":false,"pivot":{"x":260.8852233886719,"y":3.486315965652466,"z":438.95855712890627},"rotation":{"x":0.5626609921455383,"y":0.14958609640598298,"z":-0.10531680285930634,"w":0.8064809441566467},"size":158.53408813476563,"orthographic":false}