{"cameraMode":{"drawMode":0,"name":"Shaded","section":"Shading Mode"},"sceneLighting":false,"audioPlay":false,"sceneViewState":{"showFog":true,"showMaterialUpdate":true,"showSkybox":false,"showFlares":true,"showImageEffects":true,"showParticleSystems":true},"in2DMode":false,"pivot":{"x":1.625,"y":8.254668235778809,"z":-0.47755420207977297},"rotation":{"x":-0.18101395666599275,"y":0.6802182793617249,"z":-0.17825481295585633,"w":-0.687889039516449},"size":39.32476043701172,"orthographic":false}