{"cameraMode":{"drawMode":0,"name":"Shaded","section":"Shading Mode"},"sceneLighting":false,"audioPlay":false,"sceneViewState":{"showFog":true,"showMaterialUpdate":true,"showSkybox":false,"showFlares":true,"showImageEffects":true,"showParticleSystems":true},"in2DMode":false,"pivot":{"x":0.12144756317138672,"y":2.7057650089263918,"z":-0.007731258869171143},"rotation":{"x":-0.27508512139320376,"y":0.3059224486351013,"z":-0.09224820137023926,"w":-0.9070053100585938},"size":15.920767784118653,"orthographic":false}