{"cameraMode":{"drawMode":0,"name":"Shaded","section":"Shading Mode"},"sceneLighting":true,"audioPlay":false,"sceneViewState":{"showFog":true,"showMaterialUpdate":true,"showSkybox":true,"showFlares":true,"showImageEffects":true,"showParticleSystems":true},"in2DMode":false,"pivot":{"x":-0.9595232009887695,"y":-21.242507934570314,"z":-78.66726684570313},"rotation":{"x":-0.6608709692955017,"y":-0.0033441910054534675,"z":0.003525035222992301,"w":-0.750761091709137},"size":1520.00341796875,"orthographic":false}