{"cameraMode":{"drawMode":0,"name":"Shaded","section":"Shading Mode"},"sceneLighting":false,"audioPlay":false,"sceneViewState":{"showFog":true,"showMaterialUpdate":true,"showSkybox":false,"showFlares":true,"showImageEffects":true,"showParticleSystems":true},"in2DMode":false,"pivot":{"x":-8.850000381469727,"y":6.769999980926514,"z":-6.539999961853027},"rotation":{"x":-0.04546260088682175,"y":0.941441535949707,"z":-0.30392512679100039,"w":-0.1399274319410324},"size":8.805521011352539,"orthographic":false}