{"cameraMode":{"drawMode":0,"name":"Shaded","section":"Shading Mode"},"sceneLighting":false,"audioPlay":false,"sceneViewState":{"showFog":true,"showMaterialUpdate":true,"showSkybox":false,"showFlares":true,"showImageEffects":true,"showParticleSystems":true},"in2DMode":false,"pivot":{"x":0.22965002059936524,"y":0.9431099891662598,"z":-0.18869996070861817},"rotation":{"x":0.25337135791778567,"y":0.0674157589673996,"z":-0.018702605739235879,"w":0.9651191234588623},"size":12.692550659179688,"orthographic":false}