{"cameraMode":{"drawMode":0,"name":"Shaded","section":"Shading Mode"},"sceneLighting":false,"audioPlay":false,"sceneViewState":{"showFog":true,"showMaterialUpdate":true,"showSkybox":false,"showFlares":true,"showImageEffects":true,"showParticleSystems":true},"in2DMode":false,"pivot":{"x":-14.456093788146973,"y":16.312307357788087,"z":-28.42315101623535},"rotation":{"x":0.5626609921455383,"y":0.14958609640598298,"z":-0.10531680285930634,"w":0.8064809441566467},"size":22.0,"orthographic":false}