{"cameraMode":{"drawMode":0,"name":"Shaded","section":"Shading Mode"},"sceneLighting":false,"audioPlay":false,"sceneViewState":{"showFog":true,"showMaterialUpdate":true,"showSkybox":false,"showFlares":true,"showImageEffects":true,"showParticleSystems":true},"in2DMode":false,"pivot":{"x":1.625,"y":8.254668235778809,"z":-0.47755420207977297},"rotation":{"x":-0.4248463809490204,"y":0.5691743493080139,"z":-0.43763068318367007,"w":-0.5517743825912476},"size":49.00580978393555,"orthographic":false}