{"cameraMode":{"drawMode":0,"name":"Shaded","section":"Shading Mode"},"sceneLighting":true,"audioPlay":false,"sceneViewState":{"showFog":true,"showMaterialUpdate":true,"showSkybox":true,"showFlares":true,"showImageEffects":true,"showParticleSystems":true},"in2DMode":false,"pivot":{"x":211.10891723632813,"y":5.748030662536621,"z":-244.5806884765625},"rotation":{"x":-0.5496571063995361,"y":-0.03129081800580025,"z":0.021284839138388635,"w":-0.8347853422164917},"size":827.5694580078125,"orthographic":false}