{"cameraMode":{"drawMode":0,"name":"Shaded","section":"Shading Mode"},"sceneLighting":false,"audioPlay":false,"sceneViewState":{"showFog":true,"showMaterialUpdate":true,"showSkybox":false,"showFlares":true,"showImageEffects":true,"showParticleSystems":true},"in2DMode":false,"pivot":{"x":-0.6337102651596069,"y":1.397705078125,"z":0.6695265173912048},"rotation":{"x":-0.10499344021081925,"y":0.28780263662338259,"z":-0.03148230165243149,"w":-0.9516295194625855},"size":15.844125747680664,"orthographic":false}