{"cameraMode":{"drawMode":0,"name":"Shaded","section":"Shading Mode"},"sceneLighting":true,"audioPlay":false,"sceneViewState":{"showFog":true,"showMaterialUpdate":true,"showSkybox":true,"showFlares":true,"showImageEffects":true,"showParticleSystems":true},"in2DMode":false,"pivot":{"x":18.648670196533204,"y":-20.94875717163086,"z":-181.50668334960938},"rotation":{"x":0.18601444363594056,"y":0.08321946114301682,"z":-0.0165620855987072,"w":0.9791284203529358},"size":638.3156127929688,"orthographic":false}