{"cameraMode":{"drawMode":0,"name":"Shaded","section":"Shading Mode"},"sceneLighting":true,"audioPlay":false,"sceneViewState":{"showFog":true,"showMaterialUpdate":true,"showSkybox":true,"showFlares":true,"showImageEffects":true,"showParticleSystems":true},"in2DMode":false,"pivot":{"x":18.648670196533204,"y":-20.94875717163086,"z":-181.50668334960938},"rotation":{"x":0.31431034207344057,"y":0.15495309233665467,"z":-0.05289274826645851,"w":0.9353595972061157},"size":537.6954345703125,"orthographic":false}